Sample,Sex,Gen,Diet,Weight1,Weight2
F01,F,G4L2,hf,31.94,35.46
F02,F,G4L2,hf,32.48,35.76
F03,F,G4L2,hf,22.82,24.12
F04,F,G4L2,hf,19.92,21.09
F05,F,G4L2,hf,32.22,39.38
F06,F,G4L2,hf,27.5,35.3
F07,F,G4L2,hf,27,31.46
F08,F,G4L2,hf,36.44,48.49
F09,F,G4L2,hf,19.39,21.25
F10,F,G4L2,hf,23.16,27.95
F11,F,G4L2,hf,24.29,23.26
F12,F,G4L2,hf,18.78,22.97
F13,F,G4L2,hf,25.43,29.72
F14,F,G4L2,hf,24.3,27.79
F15,F,G4L2,hf,33.9,40.15
F16,F,G4L2,hf,31.47,39.59
F17,F,G4L2,hf,32.01,33.39
F18,F,G4L2,hf,18.52,25.3
F19,F,G4L2,hf,26.56,30.85
F20,F,G4L2,hf,25.41,30.77
F21,F,G4L2,hf,29.18,33.77
F22,F,G4L2,hf,25.3,32.19
F23,F,G4L2,hf,29.64,33.23
F24,F,G4L2,hf,20.73,26.67
F25,F,G4L2,hf,28.26,33.97
F26,F,G4L1,chow,27.03,28.29
F27,F,G4L1,chow,24.08,22.13
F28,F,G4L1,chow,27.07,28.6
F29,F,G4L1,chow,28.07,34.99
F30,F,G4L1,chow,23.55,29.78
F31,F,G4L1,chow,22.72,29.07
F32,F,G4L1,chow,21.6,30.58
F33,F,G4L1,chow,24.82,26.71
F34,F,G4L1,chow,26.6,29.08
F35,F,G4L1,chow,26,32.48
F36,F,G4L1,chow,19.24,20.49
F37,F,G4L1,chow,21.34,22.5
F38,F,G4L1,chow,22.73,23.23
F39,F,G4L1,chow,20.12,22.53
F40,F,G4L1,chow,20.6,22.79
F41,F,G4L1,chow,21.49,24.18
F42,F,G4L1,chow,24.73,28.45
F43,F,G4L1,chow,27.92,29.15
F44,F,G4L1,chow,27.51,31.8
F45,F,G4L1,chow,19.88,23.52
F46,F,G4L1,chow,20.72,26
F47,F,G4L1,chow,24,26.22
F48,F,G4L1,chow,25.08,26.81
F49,F,G4L1,chow,25.27,30.02
F50,F,G4L1,chow,22.08,25.62
F51,F,G5,chow,20.66,24.51
F52,F,G5,chow,25.28,26.51
F53,F,G5,chow,19.36,22.72
F54,F,G5,chow,18.56,19.14
F55,F,G5,chow,32.71,36.23
F56,F,G5,chow,21.59,24.15
F57,F,G5,chow,30.55,37.78
F58,F,G5,chow,21.32,27.04
F59,F,G5,chow,28,39.57
F60,F,G5,chow,23.09,24.02
F61,F,G5,chow,25.92,27.84
F62,F,G5,chow,36.82,42.55
F63,F,G5,chow,26.53,31.47
F64,F,G5,chow,22.87,28.96
F65,F,G5,chow,28.1,32.06
F66,F,G5,chow,23.53,27.13
F67,F,G5,chow,21.22,23.79
F68,F,G5,chow,22.92,24.07
F69,F,G5,chow,24.65,25.81
F70,F,G5,chow,24.37,32
F71,F,G5,chow,22.02,24.76
F72,F,G5,chow,27.72,29.96
F73,F,G5,chow,21.6,NA
F74,F,G5,chow,24.26,NA
F75,F,G5,chow,22.27,26.29
F76,F,G7L1,hf,21.17,25.62
F77,F,G7L1,hf,28.46,40.7
F78,F,G7L1,hf,25.75,31.31
F79,F,G7L1,hf,22.53,30.59
F80,F,G7L1,hf,27.04,32.28
F81,F,G7L1,hf,28.45,43.07
F82,F,G7L1,hf,20.81,24.36
F83,F,G7L1,hf,21.9,24.59
F84,F,G7L1,hf,28.89,39.17
F85,F,G7L1,hf,29.1,35.5
F86,F,G7L1,hf,21.19,23.03
F87,F,G7L1,hf,23.19,25.51
F88,F,G7L1,hf,27.72,37.04
F89,F,G7L1,hf,25.04,30.02
F90,F,G7L1,hf,24.19,27.65
F91,F,G7L1,hf,21.34,28.59
F92,F,G7L1,hf,24.97,29.96
F93,F,G7L1,hf,30.48,36.15
F94,F,G7L1,hf,27.95,35.71
F95,F,G7L1,hf,20.85,22.81
F96,F,G7L1,hf,25.5,32.92
F97,F,G7L1,hf,22.98,NA
F98,F,G7L1,hf,21.9,28.77
F99,F,G7L1,hf,31.49,37.56
F100,F,G7L1,hf,28.77,34.21
M100,F,G7L1,hf,24.12,25.48
F101,F,G7L1,chow,20.35,23.68
F102,F,G7L1,chow,25.39,29.26
F103,F,G7L1,chow,25.17,28.56
F104,F,G7L1,chow,23.16,24.56
F105,F,G7L1,chow,21.77,19.64
F106,F,G7L1,chow,24.01,29.03
F107,F,G7L1,chow,27.02,30.8
F108,F,G7L1,chow,22.37,22.91
F109,F,G7L1,chow,21.08,24.94
F110,F,G7L1,chow,21.62,26.63
F111,F,G7L1,chow,27.79,39.33
F112,F,G7L1,chow,26.36,35.71
F113,F,G7L1,chow,23.1,25.15
F114,F,G7L1,chow,22.44,24.35
F115,F,G7L1,chow,21.67,30.45
F116,F,G7L1,chow,23.92,29.02
F117,F,G7L1,chow,26.91,32.08
F118,F,G7L1,chow,20.78,21.79
F119,F,G7L1,chow,29.92,35.86
F120,F,G7L1,chow,25.41,28.93
F121,F,G7L1,chow,23.11,25.74
F122,F,G7L1,chow,22.11,25.91
F123,F,G7L1,chow,22.39,27.04
F124,F,G7L1,chow,27.72,33.02
F125,F,G7L1,chow,25.36,24.76
F126,F,G7L2,hf,26.01,29.16
F127,F,G7L2,hf,27.03,30.07
F128,F,G7L2,hf,30.87,35.76
F129,F,G7L2,hf,17.11,18.93
F130,F,G7L2,hf,32.96,33.81
F131,F,G7L2,hf,26.55,30.14
F132,F,G7L2,hf,22.87,27.68
F133,F,G7L2,hf,27.75,28.52
F134,F,G7L2,hf,26.72,29.93
F135,F,G7L2,hf,29.23,33.35
F136,F,G7L2,hf,25.55,28.89
F137,F,G7L2,hf,34.08,43.61
F138,F,G7L2,hf,28.67,32.49
F139,F,G7L2,hf,25.46,32.67
F140,F,G7L2,hf,20.67,21.82
F141,F,G7L2,hf,NA,28.6
F143,F,G7L2,hf,26.19,27.1
F144,F,G7L2,hf,29.28,30.94
F145,F,G7L2,hf,22.87,23.69
F146,F,G7L2,hf,23.16,27.45
F147,F,G7L2,hf,27.61,32.16
F148,F,G7L2,hf,37.12,42.42
F149,F,G7L2,hf,34.08,38
F150,F,G7L2,hf,28.49,31.11
F151,F,G7L2,chow,22.69,24.05
F152,F,G7L2,chow,34.86,35.66
F153,F,G7L2,chow,29.66,32.99
F154,F,G7L2,chow,26.27,29.03
F155,F,G7L2,chow,29.99,30.64
F156,F,G7L2,chow,23.23,24.51
F157,F,G7L2,chow,25.1,25.77
F158,F,G7L2,chow,19.62,20.46
F159,F,G7L2,chow,29.82,32.43
F160,F,G7L2,chow,25.31,27.28
F161,F,G7L2,chow,22.83,23.93
F162,F,G7L2,chow,19.99,21.49
F163,F,G7L2,chow,23.72,25.28
F164,F,G7L2,chow,27.83,32.77
F165,F,G7L2,chow,21.31,26.38
F166,F,G7L2,chow,25.95,27.89
F167,F,G7L2,chow,30.01,33.93
F168,F,G7L2,chow,23.67,26.41
F169,F,G7L2,chow,29.53,32.12
F170,F,G7L2,chow,26.54,32.91
F171,F,G7L2,chow,18.04,19.54
F172,F,G7L2,chow,27.26,27.2
F173,F,G7L2,chow,24.22,27.75
F174,F,G7L2,chow,24.65,28.98
F175,F,G7L2,chow,31,35.94
F176,F,G8L1,hf,24.38,29.66
F177,F,G8L1,hf,28.6,37.1
F178,F,G8L1,hf,24.13,27.08
F179,F,G8L1,hf,35.57,39.56
F180,F,G8L1,hf,33.16,39.02
F181,F,G8L1,hf,34.16,39.05
F182,F,G8L1,hf,24.85,28.14
F183,F,G8L1,hf,27.9,33.66
F184,F,G8L1,hf,27.71,32.58
F185,F,G8L1,hf,38.6,55.8
F186,F,G8L1,hf,26.24,34.85
F187,F,G8L1,hf,25.86,27.96
F188,F,G8L1,hf,25.61,33.38
F189,F,G8L1,hf,42.56,45.54
F190,F,G8L1,hf,27.78,31.27
F191,F,G8L1,hf,19.52,22.57
F192,F,G8L1,hf,20.77,23.34
F193,F,G8L1,hf,23.6,24.88
F194,F,G8L1,hf,21.54,24.3
F195,F,G8L1,hf,19.32,21.81
F196,F,G8L1,hf,26.53,30.32
F197,F,G8L1,hf,26.48,27.35
F198,F,G8L1,hf,29.92,32.37
F199,F,G8L1,hf,27.02,32.92
F200,F,G8L1,hf,36.01,44.52
F201,F,G8L1,chow,27.04,27.45
F202,F,G8L1,chow,23.64,25.41
F203,F,G8L1,chow,27.35,38.95
F204,F,G8L1,chow,28.16,39.54
F205,F,G8L1,chow,23.8,26.43
F206,F,G8L1,chow,23.41,24.38
F207,F,G8L1,chow,25.62,31.18
F208,F,G8L1,chow,23.49,25.88
F209,F,G8L1,chow,30.35,35.42
F210,F,G8L1,chow,21.45,25.22
F211,F,G8L1,chow,22.01,31.26
F212,F,G8L1,chow,34.39,50.55
F213,F,G8L1,chow,25.66,37.1
F214,F,G8L1,chow,26.45,32.48
F215,F,G8L1,chow,26.89,29.48
F216,F,G8L1,chow,20.34,21.25
F217,F,G8L1,chow,26.11,29.45
F218,F,G8L1,chow,26.39,30.16
F219,F,G8L1,chow,23.28,29.28
F220,F,G8L1,chow,22.86,29.07
F221,F,G8L1,chow,19.78,23.67
F222,F,G8L1,chow,23.83,26.74
F223,F,G8L1,chow,22.2,26.05
F224,F,G8L1,chow,22.74,26.71
F225,F,G8L1,chow,22.69,30.66
F226,F,G8L2,hf,21.69,30.44
F227,F,G8L2,hf,19.33,21.05
F228,F,G8L2,hf,22.16,22.2
F229,F,G8L2,hf,24.23,31.59
F230,F,G8L2,hf,27.68,32.25
F231,F,G8L2,hf,23.44,28.5
F232,F,G8L2,hf,22.8,26.79
F233,F,G8L2,hf,22.58,33.81
F234,F,G8L2,hf,32.58,41.78
F235,F,G8L2,hf,24.83,31.25
F236,F,G8L2,hf,23.52,27.72
F237,F,G8L2,hf,29.97,43.24
F238,F,G8L2,hf,31.34,35.69
F239,F,G8L2,hf,26.11,30.6
F240,F,G8L2,hf,23.34,25.59
F241,F,G8L2,hf,19.83,21.87
F242,F,G8L2,hf,21.85,27.02
F243,F,G8L2,hf,21.2,24.3
F244,F,G8L2,hf,19.75,23.88
F245,F,G8L2,hf,17.71,20.57
F246,F,G8L2,hf,26.02,41.24
F247,F,G8L2,hf,26.23,29.05
F248,F,G8L2,hf,31.68,NA
F249,F,G8L2,hf,30.51,38.61
F250,F,G8L2,hf,22.8,28.33
F251,F,G8L2,chow,23.07,26.97
F252,F,G8L2,chow,23.95,30.51
F253,F,G8L2,chow,24.57,34.39
F254,F,G8L2,chow,27.74,33.9
F255,F,G8L2,chow,19.1,21.16
F256,F,G8L2,chow,26.71,35.07
F257,F,G8L2,chow,23.51,30.87
F258,F,G8L2,chow,26.13,31.4
F259,F,G8L2,chow,20.81,22.59
F260,F,G8L2,chow,24.9,33.21
F261,F,G8L2,chow,15.42,18.34
F262,F,G8L2,chow,24.89,29.45
F263,F,G8L2,chow,16.74,18.53
F264,F,G8L2,chow,20.32,26.19
F265,F,G8L2,chow,20.14,21.15
F266,F,G8L2,chow,22.8,25.14
F267,F,G8L2,chow,28.2,28.8
F268,F,G8L2,chow,25.67,24.11
F269,F,G8L2,chow,24.45,27.01
F270,F,G8L2,chow,21.96,29.22
F271,F,G8L2,chow,25.88,28.2
F272,F,G8L2,chow,24.43,25.85
F273,F,G8L2,chow,21.55,22.41
F274,F,G8L2,chow,17.66,19.17
F275,F,G8L2,chow,19.25,22.85
F276,F,G9L1,hf,38.49,50.21
F277,F,G9L1,hf,28.59,28.23
F278,F,G9L1,hf,22.82,23.39
F279,F,G9L1,hf,22.57,29.22
F280,F,G9L1,hf,27.43,35.15
F281,F,G9L1,hf,25.76,31.29
F282,F,G9L1,hf,26.88,34.07
F283,F,G9L1,hf,24.81,36.52
F284,F,G9L1,hf,26.04,29.59
F285,F,G9L1,hf,23.38,26.08
F286,F,G9L1,hf,29.41,36.78
F287,F,G9L1,hf,33.58,48.26
F288,F,G9L1,hf,26.27,31.06
F289,F,G9L1,hf,27.2,33.81
F290,F,G9L1,hf,29.25,30.52
F291,F,G9L1,hf,25.25,29.83
F292,F,G9L1,hf,41.49,56.23
F293,F,G9L1,hf,27.7,34.34
F294,F,G9L1,hf,28.61,27.07
F295,F,G9L1,hf,26,32.77
F296,F,G9L1,hf,22.39,24.5
F297,F,G9L1,hf,26.59,27.98
F298,F,G9L1,hf,24.08,22.53
F299,F,G9L1,hf,51.45,68.94
F300,F,G9L1,hf,31.43,35.44
F301,F,G9L1,chow,23.49,26.92
F302,F,G9L1,chow,28.13,32.7
F303,F,G9L1,chow,21.42,24.12
F304,F,G9L1,chow,19.53,24.18
F305,F,G9L1,chow,21.24,23.7
F306,F,G9L1,chow,19.38,22.44
F307,F,G9L1,chow,22.25,24.53
F308,F,G9L1,chow,20.14,22.77
F309,F,G9L1,chow,31.29,39.88
F310,F,G9L1,chow,23.08,27.36
F311,F,G9L1,chow,20.61,22.33
F312,F,G9L1,chow,22.44,26.71
F313,F,G9L1,chow,20.98,23.83
F314,F,G9L1,chow,24.36,25.11
F315,F,G9L1,chow,29.22,33.28
F316,F,G9L1,chow,21.67,24.39
F317,F,G9L1,chow,25.59,29.05
F318,F,G9L1,chow,29.41,30.85
F319,F,G9L1,chow,21.95,24.28
F320,F,G9L1,chow,29.07,39.9
F321,F,G9L1,chow,29.86,38.77
F322,F,G9L1,chow,21.16,23.12
F323,F,G9L1,chow,26.36,35.28
F324,F,G9L1,chow,25.88,28.23
F325,F,G9L1,chow,22.88,26.07
F326,F,G11L1,chow,22.05,23.71
F327,F,G11L1,chow,23.9,27.85
F328,F,G11L1,chow,20.78,21.96
F329,F,G11L1,chow,23.5,24.32
F330,F,G11L1,chow,25.1,30.13
F331,F,G11L1,chow,23.72,27
F332,F,G11L1,chow,19.1,22.85
F333,F,G11L1,chow,21.36,22.58
F334,F,G11L1,chow,24.96,28.52
F335,F,G11L1,chow,17.16,23.75
F336,F,G11L1,chow,25.08,27.16
F337,F,G11L1,chow,26.57,32.86
F338,F,G11L1,chow,32.82,40.36
F339,F,G11L1,chow,27.51,30.97
F340,F,G11L1,chow,31.66,36.23
F341,F,G11L1,chow,35.12,36.76
F342,F,G11L1,chow,24.32,25.32
F343,F,G11L1,chow,27.89,32.45
F344,F,G11L1,chow,28.86,29.15
F345,F,G11L1,chow,24.2,25.76
F346,F,G11L1,chow,18.4,20.57
F347,F,G11L1,chow,27.21,31.95
F348,F,G11L1,chow,19.06,20.97
F349,F,G11L1,chow,27.73,32.03
F350,F,G11L1,chow,24.36,29.57
F351,F,G11L1,hf,29.91,36.11
F352,F,G11L1,hf,28.22,36.82
F353,F,G11L1,hf,21.81,27.58
F354,F,G11L1,hf,19.55,25.61
F355,F,G11L1,hf,32.51,43.18
F356,F,G11L1,hf,29.06,37.69
F357,F,G11L1,hf,24.66,26.92
F358,F,G11L1,hf,22.51,28.2
F359,F,G11L1,hf,34.86,44.26
F360,F,G11L1,hf,18.27,22.57
F361,F,G11L1,hf,28.3,38.3
F362,F,G11L1,hf,17.92,25.09
F363,F,G11L1,hf,26.73,33.02
F364,F,G11L1,hf,27.23,38.06
F365,F,G11L1,hf,23.74,28.7
F366,F,G11L1,hf,29.52,33.58
F367,F,G11L1,hf,31.07,35.74
F368,F,G11L1,hf,30.92,38.47
F369,F,G11L1,hf,26.52,32.82
F370,F,G11L1,hf,32.2,27.92
F371,F,G11L1,hf,27.17,34.43
F372,F,G11L1,hf,21.57,24.59
F373,F,G11L1,hf,23.62,27.13
F374,F,G11L1,hf,22.87,26.16
F375,F,G11L1,hf,33.71,37.45
F376,F,G11L2,chow,26.48,28.79
F377,F,G11L2,chow,23.81,25.04
F378,F,G11L2,chow,28.25,30.75
F379,F,G11L2,chow,22.92,28.78
F380,F,G11L2,chow,22.44,25.57
F381,F,G11L2,chow,21.73,22.57
F382,F,G11L2,chow,27.64,32.04
F383,F,G11L2,chow,29.07,28.91
F384,F,G11L2,chow,32.86,38.03
F385,F,G11L2,chow,30.09,33.86
F386,F,G11L2,chow,23.59,30.34
F387,F,G11L2,chow,22.75,24.02
F388,F,G11L2,chow,24.13,27.68
F389,F,G11L2,chow,25.46,33.19
F390,F,G11L2,chow,25.11,29.39
F391,F,G11L2,chow,24.73,29.92
F392,F,G11L2,chow,23.73,31.42
F393,F,G11L2,chow,22.76,35.92
F394,F,G11L2,chow,28.33,29
F395,F,G11L2,chow,28.39,41.3
F396,F,G11L2,chow,24.98,28.75
F397,F,G11L2,chow,25.85,29.13
F398,F,G11L2,chow,22.38,32.64
F399,F,G11L2,chow,19.29,23.17
F400,F,G11L2,chow,21.65,25.61
F401,F,G11L2,hf,25.05,27.07
F402,F,G11L2,hf,26.61,29.5
F403,F,G11L2,hf,30.27,33.87
F404,F,G11L2,hf,40.69,50.3
F405,F,G11L2,hf,34.57,43.3
F406,F,G11L2,hf,26.39,33.48
F407,F,G11L2,hf,31.37,36.87
F408,F,G11L2,hf,20.73,24.01
F409,F,G11L2,hf,29.15,35.67
F410,F,G11L2,hf,22.17,23.89
F411,F,G11L2,hf,26.25,35.91
F412,F,G11L2,hf,38,47.28
F413,F,G11L2,hf,25.92,31.76
F414,F,G11L2,hf,21.33,27.16
F415,F,G11L2,hf,25.46,34.8
F416,F,G11L2,hf,36.85,42.14
F417,F,G11L2,hf,21.47,24.79
F418,F,G11L2,hf,24.42,30.38
F419,F,G11L2,hf,28.09,33.04
F420,F,G11L2,hf,19.69,21.5
F421,F,G11L2,hf,29.03,33.43
F422,F,G11L2,hf,24.69,29.48
F423,F,G11L2,hf,25.2,32.06
F424,F,G11L2,hf,31.93,34.72
F425,F,G11L2,hf,27.29,31.16
M01,M,G4L2,hf,27.81,34.08
M02,M,G4L2,hf,29.45,38.08
M03,M,G4L2,hf,35.26,41.83
M04,M,G4L2,hf,31.25,35.94
M05,M,G4L2,hf,38.26,44.25
M06,M,G4L2,hf,29.06,32.9
M07,M,G4L2,hf,42.8,48.04
M08,M,G4L2,hf,32.34,42.28
M09,M,G4L2,hf,NA,NA
M11,M,G4L2,hf,35.48,40.45
M12,M,G4L2,hf,33.05,40.66
M13,M,G4L2,hf,37.06,47.25
M14,M,G4L2,hf,29.71,35.99
M15,M,G4L2,hf,34.4,43.34
M16,M,G4L2,hf,39.42,49.62
M17,M,G4L2,hf,36.32,47.09
M18,M,G4L2,hf,41.48,48.43
M19,M,G4L2,hf,46.27,56.55
M20,M,G4L2,hf,37.48,44.46
M21,M,G4L2,hf,36.34,44.81
M22,M,G4L2,hf,26.7,32.62
M23,M,G4L2,hf,36.77,46.56
M24,M,G4L2,hf,41.83,46.15
M25,M,G4L2,hf,37.89,43.23
M26,M,G4L1,chow,45.23,53.36
M27,M,G4L1,chow,22.08,33.35
M28,M,G4L1,chow,34.03,39.19
M29,M,G4L1,chow,24.98,28.63
M30,M,G4L1,chow,28.56,39
M31,M,G4L1,chow,29.32,32.24
M32,M,G4L1,chow,39.16,43.25
M33,M,G4L1,chow,32.04,33.84
M34,M,G4L1,chow,32.09,33.86
M35,M,G4L1,chow,24.16,27.85
M36,M,G4L1,chow,27.38,39.55
M37,M,G4L1,chow,30.29,37.27
M38,M,G4L1,chow,36.79,40.16
M39,M,G4L1,chow,28.63,35.65
M40,M,G4L1,chow,31.01,43.97
M41,M,G4L1,chow,32.11,35.6
M42,M,G4L1,chow,31.22,37.06
M43,M,G4L1,chow,32.05,34.4
M44,M,G4L1,chow,24.58,27.69
M45,M,G4L1,chow,35.15,40.55
M46,M,G4L1,chow,30.71,41.48
M47,M,G4L1,chow,32.81,33.84
M48,M,G4L1,chow,33.96,30.7
M49,M,G4L1,chow,29.34,33.2
M50,M,G4L1,chow,31.56,38.27
M51,M,G5,chow,35.19,NA
M52,M,G5,chow,36.65,45
M53,M,G5,chow,37.86,42.63
M54,M,G5,chow,25.06,25.69
M55,M,G5,chow,32.57,34.27
M56,M,G5,chow,30.09,33.81
M57,M,G5,chow,31.95,36.46
M58,M,G5,chow,28.92,36.69
M59,M,G5,chow,37.16,39.17
M60,M,G5,chow,34.34,37.4
M61,M,G5,chow,35.05,39.84
M62,M,G5,chow,33.8,38.54
M63,M,G5,chow,29.91,34.71
M64,M,G5,chow,32.67,36.9
M65,M,G5,chow,32.59,34.54
M66,M,G5,chow,31.8,36.68
M67,M,G5,chow,34.68,NA
M68,M,G5,chow,31.82,32.26
M69,M,G5,chow,39.13,NA
M70,M,G5,chow,24.08,NA
M71,M,G5,chow,34.21,NA
M72,M,G5,chow,32.32,NA
M73,M,G5,chow,23.54,26.25
M74,M,G5,chow,38.54,46
M75,M,G5,chow,26.27,31.11
M76,M,G7L1,hf,27.21,34.04
M77,M,G7L1,hf,43,54.02
M78,M,G7L1,hf,29.84,42.62
M79,M,G7L1,hf,38.73,50.06
M80,M,G7L1,hf,41.07,63.68
M81,M,G7L1,hf,37.28,46.72
M82,M,G7L1,hf,38.7,45.75
M83,M,G7L1,hf,35.6,42.63
M84,M,G7L1,hf,29.9,38.6
M85,M,G7L1,hf,30.91,NA
M86,M,G7L1,hf,42.34,49.97
M87,M,G7L1,hf,28.44,32.9
M88,M,G7L1,hf,38.47,45.51
M89,M,G7L1,hf,41.5,47.27
M90,M,G7L1,hf,36.2,42.24
M91,M,G7L1,hf,43.15,52.39
M92,M,G7L1,hf,28.85,32.11
M93,M,G7L1,hf,35.88,38.94
M94,M,G7L1,hf,37.12,48.5
M95,M,G7L1,hf,35.89,41.81
M96,M,G7L1,hf,36.87,47.42
M97,M,G7L1,hf,39.04,47.26
M98,M,G7L1,hf,23.37,25.06
M99,M,G7L1,hf,32.22,34.17
M101,M,G7L1,chow,29.66,33.3
M102,M,G7L1,chow,34.36,35.84
M103,M,G7L1,chow,30.77,30.81
M104,M,G7L1,chow,27.95,32.35
M105,M,G7L1,chow,30.99,29.73
M106,M,G7L1,chow,41.82,46.46
M107,M,G7L1,chow,33.36,41.71
M108,M,G7L1,chow,38.15,41.73
M109,M,G7L1,chow,31.72,36
M110,M,G7L1,chow,34.6,37.02
M111,M,G7L1,chow,31.09,31.45
M112,M,G7L1,chow,25.34,27.88
M113,M,G7L1,chow,30.16,31.88
M114,M,G7L1,chow,32.13,33.62
M115,M,G7L1,chow,29.67,29.64
M116,M,G7L1,chow,33.57,38.54
M117,M,G7L1,chow,29.51,35.62
M118,M,G7L1,chow,37.76,44.32
M119,M,G7L1,chow,26.38,29.24
M120,M,G7L1,chow,37.28,46.04
M121,M,G7L1,chow,27.26,28.03
M122,M,G7L1,chow,31.58,35.66
M123,M,G7L1,chow,28.7,31.44
M124,M,G7L1,chow,25.26,27.78
M125,M,G7L1,chow,28.31,33.27
M126,M,G7L2,hf,39.36,36.27
M127,M,G7L2,hf,31.95,36.1
M128,M,G7L2,hf,39.15,39.2
M129,M,G7L2,hf,37.09,32.4
M130,M,G7L2,hf,35.77,35.45
M131,M,G7L2,hf,29.8,31.1
M132,M,G7L2,hf,NA,NA
M133,M,G7L2,hf,44.41,48.74
M134,M,G7L2,hf,41.5,44.08
M135,M,G7L2,hf,34.59,38.07
M136,M,G7L2,hf,46.97,51.42
M137,M,G7L2,hf,42.12,NA
M138,M,G7L2,hf,51.04,54.85
M139,M,G7L2,hf,45.32,49.06
M140,M,G7L2,hf,35.24,40.58
M141,M,G7L2,hf,56.9,59.38
F142,M,G7L2,hf,26.99,32.02
M142,M,G7L2,hf,44.3,46.87
M143,M,G7L2,hf,47.21,53.55
M144,M,G7L2,hf,43.15,47.32
M145,M,G7L2,hf,34.22,36.76
M146,M,G7L2,hf,40.38,43.67
M147,M,G7L2,hf,49.78,54.87
M148,M,G7L2,hf,51.65,54.94
M149,M,G7L2,hf,32.72,35.07
M150,M,G7L2,hf,37.5,41.49
M151,M,G7L2,chow,31.03,32.45
M152,M,G7L2,chow,27.11,29.13
M153,M,G7L2,chow,37.91,NA
M154,M,G7L2,chow,35.87,36.55
M155,M,G7L2,chow,29.8,31.6
M156,M,G7L2,chow,36.72,37.27
M157,M,G7L2,chow,35.43,35.11
M158,M,G7L2,chow,39.8,44.81
M159,M,G7L2,chow,33.43,35.21
M160,M,G7L2,chow,28.35,29.64
M161,M,G7L2,chow,30.65,33.62
M162,M,G7L2,chow,31.11,33
M163,M,G7L2,chow,37.78,43.14
M164,M,G7L2,chow,32.57,30.64
M165,M,G7L2,chow,28.31,28.74
M166,M,G7L2,chow,32.63,32.11
M167,M,G7L2,chow,33.15,30.08
M168,M,G7L2,chow,31.11,29.92
M169,M,G7L2,chow,31.44,35.3
M170,M,G7L2,chow,31.46,29.02
M171,M,G7L2,chow,26.48,28.37
M172,M,G7L2,chow,40.28,36.8
M173,M,G7L2,chow,34.78,34.76
M174,M,G7L2,chow,35.4,33.43
M175,M,G7L2,chow,29.32,30.72
M176,M,G8L1,hf,38.27,39.2
M177,M,G8L1,hf,50.97,61.18
M178,M,G8L1,hf,40.31,43.21
M179,M,G8L1,hf,38.32,43.36
M180,M,G8L1,hf,40.78,46.47
M181,M,G8L1,hf,50.04,61.66
M182,M,G8L1,hf,28.17,33.35
M183,M,G8L1,hf,50.76,55.53
M184,M,G8L1,hf,35.93,41.2
M185,M,G8L1,hf,41.88,49.16
M186,M,G8L1,hf,49.92,59.81
M187,M,G8L1,hf,28.08,41.51
M188,M,G8L1,hf,35.29,35.84
M189,M,G8L1,hf,33,36.7
M190,M,G8L1,hf,55.23,61.83
M191,M,G8L1,hf,31.32,39.34
M192,M,G8L1,hf,37.4,44.1
M193,M,G8L1,hf,43.86,48.3
M194,M,G8L1,hf,38.58,51.99
M195,M,G8L1,hf,25.62,32.13
M196,M,G8L1,hf,41.68,48.47
M197,M,G8L1,hf,36.66,40.78
M198,M,G8L1,hf,30.87,27.63
M199,M,G8L1,hf,36.25,46.61
M200,M,G8L1,hf,38.23,44.04
M201,M,G8L1,chow,32.46,34.63
M202,M,G8L1,chow,30.8,30.76
M203,M,G8L1,chow,28.23,41.15
M204,M,G8L1,chow,32.51,34.25
M205,M,G8L1,chow,28.34,31.91
M206,M,G8L1,chow,35.53,44.93
M207,M,G8L1,chow,40.81,50.62
M208,M,G8L1,chow,30.39,31.16
M209,M,G8L1,chow,34.03,42.37
M210,M,G8L1,chow,31.36,33.65
M211,M,G8L1,chow,41.07,56.82
M212,M,G8L1,chow,35.22,40.6
M213,M,G8L1,chow,35.42,44.43
M214,M,G8L1,chow,33.44,44.5
M215,M,G8L1,chow,37.06,43.97
M216,M,G8L1,chow,31.36,36.44
M217,M,G8L1,chow,28.79,33.47
M218,M,G8L1,chow,34.1,50.83
M219,M,G8L1,chow,34.78,45.19
M220,M,G8L1,chow,37.34,NA
M221,M,G8L1,chow,NA,NA
M222,M,G8L1,chow,34.53,45.53
M224,M,G8L1,chow,32.49,37.75
M225,M,G8L1,chow,23.76,29.81
M226,M,G8L2,hf,32.42,38.5
M227,M,G8L2,hf,28.8,30.9
M228,M,G8L2,hf,43.48,58.82
M229,M,G8L2,hf,33.75,39.38
M231,M,G8L2,hf,29.31,43.57
M232,M,G8L2,hf,NA,NA
M234,M,G8L2,hf,30.97,38.51
M235,M,G8L2,hf,24.94,29.64
M236,M,G8L2,hf,32.06,39.75
M237,M,G8L2,hf,31.99,41.44
M238,M,G8L2,hf,26.14,37.84
M239,M,G8L2,hf,42.29,50.26
M240,M,G8L2,hf,29.02,42.49
M241,M,G8L2,hf,31.07,41.27
M242,M,G8L2,hf,33.43,40.84
M243,M,G8L2,hf,30.47,30.87
M244,M,G8L2,hf,25.33,27.72
M245,M,G8L2,hf,32.59,38.03
M246,M,G8L2,hf,31.33,47.36
M247,M,G8L2,hf,32.42,43.99
M248,M,G8L2,hf,39.29,49.99
M249,M,G8L2,hf,29.82,42.44
M250,M,G8L2,hf,33.11,38.16
M251,M,G8L2,chow,29.7,32.85
M252,M,G8L2,chow,24.94,29.22
M253,M,G8L2,chow,27.87,32.28
M254,M,G8L2,chow,33.7,32.29
M255,M,G8L2,chow,29.4,30.9
M256,M,G8L2,chow,31.42,29.9
M257,M,G8L2,chow,30.28,31.89
M258,M,G8L2,chow,28.15,NA
M259,M,G8L2,chow,33.55,34.15
M260,M,G8L2,chow,26.37,28.14
M261,M,G8L2,chow,22.53,23.75
M262,M,G8L2,chow,31.32,35.1
M263,M,G8L2,chow,25.98,33.39
M264,M,G8L2,chow,35.78,45.76
M265,M,G8L2,chow,28.56,33.97
M266,M,G8L2,chow,27.17,32.34
M267,M,G8L2,chow,23.85,26.44
M268,M,G8L2,chow,29.65,34.35
M269,M,G8L2,chow,34.94,38.14
M270,M,G8L2,chow,34.77,45.56
M271,M,G8L2,chow,28.44,34.99
M272,M,G8L2,chow,28.6,31.28
M273,M,G8L2,chow,33.01,39.64
M274,M,G8L2,chow,22.41,24.58
M275,M,G8L2,chow,34.02,41.45
M276,M,G9L1,hf,31.16,35.8
M277,M,G9L1,hf,37.14,44.03
M278,M,G9L1,hf,34.02,40.26
M279,M,G9L1,hf,29.58,36.73
M280,M,G9L1,hf,33.48,40.74
M281,M,G9L1,hf,34,38.67
M282,M,G9L1,hf,39.94,48.25
M283,M,G9L1,hf,37.1,49.41
M284,M,G9L1,hf,37.94,53.76
M285,M,G9L1,hf,37.53,49.17
M286,M,G9L1,hf,36.65,44.67
M287,M,G9L1,hf,29.19,33.42
M288,M,G9L1,hf,33.29,41.54
M289,M,G9L1,hf,38.33,45.38
M290,M,G9L1,hf,43.9,52.06
M291,M,G9L1,hf,26.19,30.61
M292,M,G9L1,hf,41.33,47.15
M293,M,G9L1,hf,33.04,36.28
M294,M,G9L1,hf,36.3,39.74
M295,M,G9L1,hf,37.93,35.64
M296,M,G9L1,hf,30.75,31.74
M297,M,G9L1,hf,25.39,30.77
M298,M,G9L1,hf,33.98,38.41
M299,M,G9L1,hf,38.62,35.59
M300,M,G9L1,hf,34,42.6
M301,M,G9L1,chow,29.11,31.35
M302,M,G9L1,chow,33.47,35.99
M303,M,G9L1,chow,41.33,48.21
M304,M,G9L1,chow,33.96,38.49
M305,M,G9L1,chow,32.67,40.83
M306,M,G9L1,chow,31.09,36.36
M307,M,G9L1,chow,27.9,28.89
M308,M,G9L1,chow,37.73,42.38
M309,M,G9L1,chow,32.07,37.15
M310,M,G9L1,chow,38.69,48.24
M311,M,G9L1,chow,38.82,38.21
M312,M,G9L1,chow,30.83,32.21
M313,M,G9L1,chow,27.91,26.41
M314,M,G9L1,chow,43.75,50.92
M315,M,G9L1,chow,21.54,24.54
M316,M,G9L1,chow,30.51,35.08
M317,M,G9L1,chow,26.71,28.82
M318,M,G9L1,chow,35.09,36.6
M319,M,G9L1,chow,37.17,42.77
M320,M,G9L1,chow,33.22,39.49
M321,M,G9L1,chow,33.98,34.83
M322,M,G9L1,chow,24.23,28.19
M323,M,G9L1,chow,42.94,50.41
M324,M,G9L1,chow,NA,NA
M325,M,G9L1,chow,29.57,36.86
M326,M,G11L1,chow,28,31.57
M327,M,G11L1,chow,34.88,43.19
M328,M,G11L1,chow,30.66,33.41
M329,M,G11L1,chow,30.94,31.13
M330,M,G11L1,chow,26.98,28.58
M331,M,G11L1,chow,32.35,32.28
M332,M,G11L1,chow,27.93,30.13
M333,M,G11L1,chow,31.08,34.64
M334,M,G11L1,chow,26.79,28.56
M335,M,G11L1,chow,39.66,43.98
M336,M,G11L1,chow,38.57,48.77
M337,M,G11L1,chow,33.96,34.56
M338,M,G11L1,chow,33.53,37.85
M339,M,G11L1,chow,30.29,32.35
M340,M,G11L1,chow,36.73,45.38
M341,M,G11L1,chow,29.48,35.67
M342,M,G11L1,chow,37.43,42.53
M343,M,G11L1,chow,40.06,49.43
M344,M,G11L1,chow,31.94,38.59
M345,M,G11L1,chow,23.29,27.63
M346,M,G11L1,chow,28.79,34.85
M347,M,G11L1,chow,31.99,35.4
M348,M,G11L1,chow,32.48,43.37
M349,M,G11L1,chow,46.52,54.35
M350,M,G11L1,chow,31.4,36.95
M351,M,G11L1,hf,30.92,37.86
M352,M,G11L1,hf,37.58,51.56
M353,M,G11L1,hf,36.21,43.72
M354,M,G11L1,hf,41.98,48.16
M355,M,G11L1,hf,33.76,40.02
M356,M,G11L1,hf,35.27,45.42
M357,M,G11L1,hf,42.29,53.36
M358,M,G11L1,hf,35.38,39
M359,M,G11L1,hf,25.29,37.87
M360,M,G11L1,hf,41.68,48.72
M361,M,G11L1,hf,34.76,41.4
M362,M,G11L1,hf,30.96,34.4
M363,M,G11L1,hf,39.89,47.19
M364,M,G11L1,hf,33.14,38
M365,M,G11L1,hf,42.06,49.71
M366,M,G11L1,hf,33.94,39.36
M367,M,G11L1,hf,44.53,50.27
M368,M,G11L1,hf,31.15,51.25
M369,M,G11L1,hf,40.97,55.03
M370,M,G11L1,hf,40.47,47.63
M371,M,G11L1,hf,27.29,29.6
M372,M,G11L1,hf,41.42,54.29
M373,M,G11L1,hf,40.42,50.75
M374,M,G11L1,hf,45.84,52.63
M375,M,G11L1,hf,36.21,37.75
M376,M,G11L2,chow,33.33,32.54
M377,M,G11L2,chow,38.03,34.22
M378,M,G11L2,chow,25.79,29.23
M379,M,G11L2,chow,36.93,44.16
M380,M,G11L2,chow,30.87,32.96
M381,M,G11L2,chow,28.56,30.89
M382,M,G11L2,chow,36.88,46
M383,M,G11L2,chow,32.48,38.83
M384,M,G11L2,chow,26.21,32.77
M385,M,G11L2,chow,31.74,36.59
M386,M,G11L2,chow,34.47,36.81
M387,M,G11L2,chow,27.05,30.32
M388,M,G11L2,chow,27.97,33.35
M389,M,G11L2,chow,42.23,42.93
M390,M,G11L2,chow,31.32,36.23
M391,M,G11L2,chow,29.04,33.49
M392,M,G11L2,chow,34.76,42.79
M393,M,G11L2,chow,29.56,34.27
M394,M,G11L2,chow,34.29,43.13
M395,M,G11L2,chow,31.06,38.56
M396,M,G11L2,chow,28.05,34.42
M397,M,G11L2,chow,32.58,35.44
M398,M,G11L2,chow,25.8,29.83
M399,M,G11L2,chow,23.33,29.82
M400,M,G11L2,chow,31.01,35.18
M401,M,G11L2,hf,NA,NA
M402,M,G11L2,hf,36.94,46.99
M403,M,G11L2,hf,39.27,44.37
M404,M,G11L2,hf,38.97,45.91
M405,M,G11L2,hf,40.36,47.03
M406,M,G11L2,hf,38.4,46.1
M407,M,G11L2,hf,24.83,30.06
M408,M,G11L2,hf,38.92,47.74
M409,M,G11L2,hf,34.51,42.46
M410,M,G11L2,hf,29.93,38.65
M411,M,G11L2,hf,27.03,30.89
M412,M,G11L2,hf,35.8,37.68
M413,M,G11L2,hf,36.14,NA
M414,M,G11L2,hf,NA,NA
M415,M,G11L2,hf,32.68,36.06
M416,M,G11L2,hf,21.13,25.27
M417,M,G11L2,hf,31.38,40.43
M418,M,G11L2,hf,30.18,35.14
M419,M,G11L2,hf,35.63,41.52
M420,M,G11L2,hf,31.31,40
M421,M,G11L2,hf,36.09,48.62
M422,M,G11L2,hf,24.54,33.72
M423,M,G11L2,hf,32.89,37.8
M424,M,G11L2,hf,34.65,45.95
M425,M,G11L2,hf,42.43,49.91
