1st column: marker name,
2nd column: chromosome number,
3rd column: position of marker on the chromosome (in cM),

1st row: Genotype identification number,
2nd - 5th row: phenotype data for up to four traits,

Trait coding:,
HIRF2,haploid induction rate of the F2 generation
HIRF3,haploid induction rate of the F3 generation
HIRF4,haploid induction rate of the F4 generation
EARF2,embryo abortion rate of the F2 generation
EARF3,embryo abortion rate of the F3 generation


Population coding:,
,parent A,parent B
CAUHOI-UH400,CAuHOI,UH400
1680-UH400,Bur-0,UH400
CML395-UH400,CML395,UH400
CML495-UH400,CML495,UH400


Genotype coding:,,
A,homozygous parent A,
B,homozygous parent B,
H,heterozygous,
-,no genotype available,
NA,no phenotype available,
